simulation,wins,losses,actual_win_rate,final_capital,total_return,max_drawdown,max_losing_streak,profitable
1,420,380,0.525,10424.872237171512,0.04248722371715119,-0.3717580353620892,8,True
2,430,370,0.5375,13284.964036260357,0.3284964036260356,-0.3307420700507907,7,True
3,412,388,0.515,8586.951848933924,-0.14130481510660753,-0.45560302901254646,7,False
4,440,360,0.55,16929.72972996509,0.6929729729965088,-0.2522687160829876,7,True
5,396,404,0.495,5826.068687831513,-0.41739313121684873,-0.5314748222248467,10,False
6,442,358,0.5525,17770.83986320689,0.7770839863206889,-0.20560142053693475,8,True
7,419,381,0.52375,10175.172415418741,0.017517241541874062,-0.28661984902279247,6,True
8,407,393,0.50875,7606.663536564681,-0.23933364634353194,-0.3158756358644975,8,False
9,414,386,0.5175,9013.572493740427,-0.09864275062595729,-0.25319834070811753,7,False
10,417,383,0.52125,9693.572182004315,-0.030642781799568586,-0.26433751795832194,7,False
11,440,360,0.55,16929.729729965136,0.6929729729965137,-0.14069028938458705,7,True
12,436,364,0.545,15365.056735230273,0.5365056735230274,-0.15204176292527016,10,True
13,431,369,0.53875,13610.978477727684,0.36109784777276843,-0.2699229203378649,9,True
14,429,371,0.53625,12966.758395329929,0.2966758395329929,-0.25190511713208075,6,True
15,449,351,0.56125,21057.688776649517,1.1057688776649517,-0.16959622815123687,8,True
16,441,359,0.55125,17345.187112239022,0.7345187112239022,-0.22139611065734421,7,True
17,426,374,0.5325,12057.146180032609,0.20571461800326096,-0.24665061265673627,8,True
18,438,362,0.5475,16128.430109996078,0.6128430109996077,-0.2656092497767987,6,True
19,405,395,0.50625,7246.633181780377,-0.27533668182196236,-0.36777499340992803,9,False
20,428,372,0.535,12656.174516087654,0.2656174516087655,-0.2689147920599856,11,True
21,428,372,0.535,12656.174516087713,0.26561745160877126,-0.30528828143215714,7,True
22,423,377,0.52875,11211.342848728716,0.12113428487287159,-0.28596681325749884,7,True
23,422,378,0.5275,10942.805235293508,0.0942805235293509,-0.3158509611595631,8,True
24,424,376,0.53,11486.470403982292,0.14864704039822918,-0.30278543653647827,7,True
25,398,402,0.4975,6115.521944821443,-0.38844780551785574,-0.45691318147164994,11,False
26,396,404,0.495,5826.06868783152,-0.41739313121684796,-0.4662514464029687,10,False
27,455,345,0.56875,24354.795532974666,1.4354795532974665,-0.1668309528245111,7,True
28,427,373,0.53375,12353.02983969815,0.23530298396981508,-0.2827536075732757,6,True
29,422,378,0.5275,10942.805235293514,0.09428052352935135,-0.3409177400159572,9,True
30,413,387,0.51625,8797.676567743585,-0.12023234322564147,-0.3074999384962822,12,False
31,416,384,0.52,9461.388689398607,-0.05386113106013923,-0.35192177404017067,9,False
32,419,381,0.52375,10175.172415418716,0.01751724154187162,-0.27077331424192796,13,True
33,431,369,0.53875,13610.97847772769,0.3610978477727689,-0.17874769861390127,6,True
34,430,370,0.5375,13284.964036260351,0.32849640362603516,-0.2969187954509991,13,True
35,418,382,0.5225,9931.453482406287,-0.0068546517593713885,-0.3137592178043459,6,False
36,424,376,0.53,11486.470403982275,0.14864704039822763,-0.3733325138886231,14,True
37,416,384,0.52,9461.38868939861,-0.05386113106013912,-0.423904271399859,10,False
38,399,401,0.49875,6265.597508871182,-0.37344024911288176,-0.3785839575819159,13,False
39,401,399,0.50125,6576.887626290959,-0.3423112373709041,-0.5074126363141254,8,False
40,416,384,0.52,9461.388689398596,-0.053861131060140344,-0.3206083703042446,10,False
41,424,376,0.53,11486.470403982263,0.1486470403982263,-0.2937953488796635,6,True
42,437,363,0.54625,15742.116874495821,0.5742116874495822,-0.19490369944434194,6,True
43,424,376,0.53,11486.470403982274,0.1486470403982274,-0.2416683577670239,12,True
44,432,368,0.54,13944.993348534175,0.3944993348534176,-0.18016738863230597,7,True
45,409,391,0.51125,7984.581074695298,-0.20154189253047017,-0.5093632351690673,10,False
46,396,404,0.495,5826.068687831516,-0.4173931312168484,-0.5013141664017347,7,False
47,435,365,0.54375,14997.028059125383,0.49970280591253835,-0.14069028938458694,7,True
48,428,372,0.535,12656.174516087643,0.2656174516087644,-0.23698043676202263,8,True
49,398,402,0.4975,6115.52194482145,-0.38844780551785496,-0.5235023208579626,11,False
50,379,421,0.47375,3858.1864306971815,-0.6141813569302819,-0.6553506797138794,8,False
51,400,400,0.5,6419.355943349342,-0.3580644056650658,-0.4148508613412295,10,False
52,404,396,0.505,7073.059542446323,-0.2926940457553677,-0.5056096537594905,7,False
53,395,405,0.49375,5686.520856474515,-0.4313479143525485,-0.5117323112965677,8,False
54,437,363,0.54625,15742.116874495816,0.5742116874495815,-0.14449089869108156,6,True
55,438,362,0.5475,16128.430109996109,0.6128430109996108,-0.19785683034147217,9,True
56,397,403,0.49625,5969.041037928163,-0.40309589620718367,-0.5059453927747476,7,False
57,449,351,0.56125,21057.688776649553,1.1057688776649552,-0.2011875671742317,6,True
58,408,392,0.51,7793.331875111532,-0.2206668124888468,-0.32861890494503987,7,False
59,390,410,0.4875,5037.346384355162,-0.49626536156448386,-0.520042378274377,9,False
60,429,371,0.53625,12966.758395329956,0.2966758395329956,-0.2129956095067015,8,True
61,412,388,0.515,8586.951848933919,-0.14130481510660808,-0.40024683119799853,7,False
62,422,378,0.5275,10942.805235293492,0.09428052352934913,-0.3144261273035397,6,True
63,420,380,0.525,10424.872237171516,0.042487223717151634,-0.2523703000995643,11,True
64,415,385,0.51875,9234.766528903145,-0.07652334710968556,-0.33849129513762355,6,False
65,404,396,0.505,7073.059542446306,-0.2926940457553694,-0.5294033909916812,10,False
66,401,399,0.50125,6576.887626290963,-0.34231123737090363,-0.49002888299682257,8,False
67,412,388,0.515,8586.951848933919,-0.14130481510660808,-0.3066379089305098,8,False
68,389,411,0.48625,4916.690277914296,-0.5083309722085705,-0.5835230858678514,10,False
69,407,393,0.50875,7606.66353656467,-0.23933364634353305,-0.44227543355977317,7,False
70,416,384,0.52,9461.388689398633,-0.05386113106013668,-0.31994747473986784,6,False
71,431,369,0.53875,13610.978477727684,0.36109784777276843,-0.29765724548771466,14,True
72,420,380,0.525,10424.8722371715,0.04248722371714986,-0.31933940747626643,8,True
73,404,396,0.505,7073.059542446323,-0.2926940457553677,-0.44362947997962066,10,False
74,425,375,0.53125,11768.349618932656,0.17683496189326564,-0.2076831369554294,5,True
75,400,400,0.5,6419.3559433493265,-0.35806440566506736,-0.5774224058902337,13,False
76,434,366,0.5425,14637.814521732278,0.46378145217322775,-0.247162209987415,10,True
77,406,394,0.5075,7424.466336829089,-0.257553366317091,-0.48736407767807566,11,False
78,424,376,0.53,11486.470403982239,0.14864704039822385,-0.3441377568322618,7,True
79,408,392,0.51,7793.331875111521,-0.2206668124888479,-0.29730078968307594,8,False
80,402,398,0.5025,6738.285153617819,-0.3261714846382181,-0.4888973619420156,9,False
81,445,355,0.55625,19111.503132466623,0.9111503132466623,-0.20785300753543856,6,True
82,418,382,0.5225,9931.453482406298,-0.006854651759370278,-0.337023543332602,9,False
83,422,378,0.5275,10942.805235293503,0.09428052352935024,-0.3794184757527548,9,True
84,414,386,0.5175,9013.572493740408,-0.09864275062595917,-0.3939406910329134,7,False
85,409,391,0.51125,7984.58107469529,-0.20154189253047095,-0.30312430596285433,7,False
86,406,394,0.5075,7424.466336829099,-0.25755336631709,-0.4811991573143589,10,False
87,422,378,0.5275,10942.805235293514,0.09428052352935135,-0.29579696526198396,8,True
88,444,356,0.555,18653.73839280974,0.865373839280974,-0.2575849105711835,7,True
89,405,395,0.50625,7246.633181780386,-0.27533668182196147,-0.3718927287302304,13,False
90,418,382,0.5225,9931.453482406308,-0.006854651759369168,-0.2068669366801369,8,False
91,420,380,0.525,10424.87223717152,0.042487223717151856,-0.36074349347792045,8,True
92,416,384,0.52,9461.3886893986,-0.05386113106014001,-0.23232384251192661,8,False
93,403,397,0.50375,6903.643393565509,-0.30963566064344916,-0.34109680882509485,6,False
94,411,389,0.51375,8381.274474928961,-0.16187255250710386,-0.3577658956380233,10,False
95,445,355,0.55625,19111.50313246667,0.911150313246667,-0.1796572802630867,7,True
96,414,386,0.5175,9013.572493740423,-0.09864275062595773,-0.32370511796384327,9,False
97,423,377,0.52875,11211.34284872874,0.12113428487287403,-0.3300142418337788,11,True
98,403,397,0.50375,6903.643393565521,-0.30963566064344783,-0.43934087627207674,12,False
99,424,376,0.53,11486.470403982243,0.1486470403982243,-0.3827636553691097,8,True
100,395,405,0.49375,5686.520856474518,-0.43134791435254816,-0.5335470449973594,8,False
101,415,385,0.51875,9234.766528903143,-0.07652334710968567,-0.29934751221585,8,False
102,404,396,0.505,7073.059542446316,-0.2926940457553684,-0.4707658093440402,9,False
103,390,410,0.4875,5037.346384355169,-0.4962653615644831,-0.549955935710954,9,False
104,404,396,0.505,7073.059542446323,-0.2926940457553677,-0.3633613912399275,9,False
105,400,400,0.5,6419.355943349343,-0.3580644056650657,-0.45883172820349527,8,False
106,426,374,0.5325,12057.146180032634,0.2057146180032634,-0.26306358390375084,6,True
107,430,370,0.5375,13284.964036260377,0.3284964036260376,-0.31004006112071725,8,True
108,424,376,0.53,11486.470403982285,0.1486470403982285,-0.25267496935181355,7,True
109,389,411,0.48625,4916.690277914284,-0.5083309722085716,-0.5555388396454763,13,False
110,416,384,0.52,9461.388689398615,-0.05386113106013857,-0.36814533712531294,8,False
111,421,379,0.52625,10680.699719315526,0.06806997193155251,-0.26622326466479396,7,True
112,414,386,0.5175,9013.572493740417,-0.09864275062595829,-0.4020749500422295,15,False
113,406,394,0.5075,7424.466336829082,-0.2575533663170918,-0.41554485939396,10,False
114,387,413,0.48375,4683.978822147513,-0.5316021177852488,-0.5481763177258313,9,False
115,438,362,0.5475,16128.430109996067,0.6128430109996066,-0.20273943278488926,8,True
116,411,389,0.51375,8381.27447492896,-0.16187255250710408,-0.5100782847912481,10,False
117,402,398,0.5025,6738.285153617842,-0.32617148463821577,-0.35234812353230605,11,False
118,409,391,0.51125,7984.581074695302,-0.20154189253046983,-0.4854877128076708,8,False
119,439,361,0.54875,16524.22351370451,0.652422351370451,-0.21543945739784542,7,True
120,391,409,0.48875,5160.9634045812345,-0.48390365954187653,-0.5203408271955694,9,False
121,411,389,0.51375,8381.274474928945,-0.16187255250710553,-0.31853117243312723,9,False
122,440,360,0.55,16929.729729965136,0.6929729729965137,-0.16272264487946397,8,True
123,387,413,0.48375,4683.978822147541,-0.5316021177852459,-0.5667488892973203,11,False
124,428,372,0.535,12656.174516087713,0.26561745160877126,-0.19485755739141963,8,True
125,423,377,0.52875,11211.342848728742,0.12113428487287425,-0.26367972719102895,10,True
126,431,369,0.53875,13610.978477727707,0.36109784777277065,-0.30312430596285356,9,True
127,405,395,0.50625,7246.633181780397,-0.27533668182196036,-0.4515872000536796,8,False
128,423,377,0.52875,11211.342848728731,0.12113428487287314,-0.2656669373721908,8,True
129,447,353,0.55875,20061.0090727622,1.00610090727622,-0.21386725972943288,7,True
130,395,405,0.49375,5686.52085647452,-0.43134791435254805,-0.504608410422331,8,False
131,414,386,0.5175,9013.572493740425,-0.09864275062595751,-0.443748764305555,13,False
132,425,375,0.53125,11768.349618932667,0.17683496189326675,-0.21761832251019375,6,True
133,385,415,0.48125,4462.281812803872,-0.5537718187196128,-0.6221982691346021,7,False
134,430,370,0.5375,13284.96403626036,0.32849640362603605,-0.29433036621930986,8,True
135,429,371,0.53625,12966.75839532997,0.29667583953299714,-0.24162489591190828,7,True
136,430,370,0.5375,13284.964036260337,0.3284964036260336,-0.22198597732114178,9,True
137,435,365,0.54375,14997.028059125403,0.49970280591254035,-0.35607850345703385,10,True
138,393,407,0.49125,5417.372614067913,-0.45826273859320876,-0.48611646873704084,8,False
139,444,356,0.555,18653.73839280975,0.8653738392809751,-0.3134794513608291,9,True
140,426,374,0.5325,12057.146180032609,0.20571461800326096,-0.40694959624680604,7,True
141,421,379,0.52625,10680.69971931553,0.06806997193155295,-0.2831022131336123,8,True
142,423,377,0.52875,11211.342848728731,0.12113428487287314,-0.32805710192236137,9,True
143,440,360,0.55,16929.729729965176,0.6929729729965177,-0.22280312970680516,8,True
144,412,388,0.515,8586.9518489339,-0.14130481510660997,-0.39464662901700287,7,False
145,431,369,0.53875,13610.97847772767,0.3610978477727671,-0.2538227322014004,8,True
146,432,368,0.54,13944.993348534194,0.39449933485341937,-0.20405512577795726,8,True
147,418,382,0.5225,9931.453482406292,-0.006854651759370833,-0.214631247247686,9,False
148,414,386,0.5175,9013.572493740421,-0.09864275062595784,-0.37770343018011676,8,False
149,453,347,0.56625,23202.060745339244,1.3202060745339246,-0.2887384456360722,7,True
150,423,377,0.52875,11211.342848728722,0.12113428487287226,-0.24455259995434575,12,True
151,431,369,0.53875,13610.978477727727,0.36109784777277265,-0.33761581249621453,7,True
152,414,386,0.5175,9013.572493740416,-0.0986427506259584,-0.32070066994725577,7,False
153,414,386,0.5175,9013.572493740412,-0.09864275062595884,-0.38902009462670184,8,False
154,407,393,0.50875,7606.663536564682,-0.23933364634353183,-0.38266667409202415,7,False
155,426,374,0.5325,12057.146180032621,0.20571461800326207,-0.20168428750540202,8,True
156,424,376,0.53,11486.470403982234,0.1486470403982234,-0.2806171842441094,7,True
157,440,360,0.55,16929.729729965165,0.6929729729965166,-0.21647642227282227,11,True
158,431,369,0.53875,13610.978477727711,0.3610978477727711,-0.2687580157678451,8,True
159,432,368,0.54,13944.993348534175,0.3944993348534176,-0.37669725800354736,8,True
160,415,385,0.51875,9234.766528903145,-0.07652334710968556,-0.3961637449328851,10,False
161,424,376,0.53,11486.47040398225,0.14864704039822496,-0.3767104992440765,7,True
162,426,374,0.5325,12057.146180032656,0.20571461800326563,-0.3001784994463462,9,True
163,428,372,0.535,12656.174516087673,0.26561745160876726,-0.24607944597229037,9,True
164,430,370,0.5375,13284.964036260337,0.3284964036260336,-0.1494979274515893,7,True
165,412,388,0.515,8586.951848933923,-0.14130481510660775,-0.35772908761889344,8,False
166,417,383,0.52125,9693.57218200428,-0.030642781799572028,-0.36997232961183135,12,False
167,438,362,0.5475,16128.430109996063,0.6128430109996064,-0.17338130707272303,6,True
168,427,373,0.53375,12353.02983969816,0.23530298396981597,-0.35604159872929997,7,True
169,407,393,0.50875,7606.6635365646825,-0.23933364634353171,-0.35486208639032324,8,False
170,422,378,0.5275,10942.805235293508,0.0942805235293509,-0.24903299301183768,11,True
171,419,381,0.52375,10175.172415418703,0.017517241541870288,-0.3469123969146003,9,True
172,435,365,0.54375,14997.028059125383,0.49970280591253835,-0.29085075044041453,8,True
173,413,387,0.51625,8797.676567743558,-0.12023234322564424,-0.375095420501412,10,False
174,432,368,0.54,13944.993348534204,0.3944993348534205,-0.18509365353121487,8,True
175,437,363,0.54625,15742.116874495809,0.5742116874495808,-0.1939015091876859,11,True
176,423,377,0.52875,11211.34284872871,0.12113428487287092,-0.18999031716089287,8,True
177,419,381,0.52375,10175.172415418729,0.017517241541872952,-0.225593093258467,9,True
178,414,386,0.5175,9013.572493740417,-0.09864275062595829,-0.265309853568249,8,False
179,432,368,0.54,13944.993348534234,0.39449933485342337,-0.22795357742588784,6,True
180,395,405,0.49375,5686.520856474503,-0.4313479143525497,-0.44830355875300587,8,False
181,426,374,0.5325,12057.146180032641,0.20571461800326407,-0.3229696369539974,8,True
182,392,408,0.49,5287.613999734212,-0.4712386000265788,-0.49339767591147665,8,False
183,418,382,0.5225,9931.453482406292,-0.006854651759370833,-0.38206614732807787,10,False
184,414,386,0.5175,9013.572493740423,-0.09864275062595773,-0.4196213505991644,9,False
185,420,380,0.525,10424.872237171543,0.0424872237171543,-0.26693637103762724,10,True
186,435,365,0.54375,14997.028059125414,0.49970280591254146,-0.25968915925196523,9,True
187,426,374,0.5325,12057.146180032616,0.20571461800326163,-0.2321152126901782,8,True
188,402,398,0.5025,6738.285153617837,-0.3261714846382163,-0.3979225134802319,8,False
189,420,380,0.525,10424.872237171503,0.0424872237171503,-0.3479015742996685,6,True
190,421,379,0.52625,10680.699719315488,0.06806997193154873,-0.235986838993972,10,True
191,410,390,0.5125,8180.52355013691,-0.181947644986309,-0.3997921165135945,9,False
192,419,381,0.52375,10175.172415418701,0.017517241541870066,-0.2966321635089715,8,True
193,410,390,0.5125,8180.523550136917,-0.18194764498630833,-0.38065958526963506,8,False
194,418,382,0.5225,9931.453482406308,-0.006854651759369168,-0.483020927162941,9,False
195,422,378,0.5275,10942.805235293496,0.09428052352934957,-0.29461793617498255,8,True
196,427,373,0.53375,12353.029839698163,0.23530298396981641,-0.26132812027668473,6,True
197,422,378,0.5275,10942.805235293492,0.09428052352934913,-0.23852258699203532,8,True
198,428,372,0.535,12656.174516087676,0.2656174516087677,-0.2785724210747599,10,True
199,425,375,0.53125,11768.349618932667,0.17683496189326675,-0.2681041775776061,8,True
200,404,396,0.505,7073.059542446304,-0.2926940457553696,-0.4378236525822624,7,False
201,403,397,0.50375,6903.64339356551,-0.30963566064344894,-0.432805558073434,9,False
202,434,366,0.5425,14637.814521732284,0.4637814521732284,-0.19307111185449588,7,True
203,425,375,0.53125,11768.349618932667,0.17683496189326675,-0.2920360762874046,13,True
204,410,390,0.5125,8180.523550136919,-0.1819476449863081,-0.4366970953637259,6,False
205,418,382,0.5225,9931.453482406296,-0.006854651759370389,-0.23730758032617838,6,False
206,417,383,0.52125,9693.57218200426,-0.030642781799574026,-0.3330157237083762,8,False
207,428,372,0.535,12656.174516087696,0.2656174516087697,-0.23157706591771443,6,True
208,414,386,0.5175,9013.57249374044,-0.09864275062595607,-0.23221953468745338,8,False
209,441,359,0.55125,17345.187112238986,0.7345187112238987,-0.2540254642166023,9,True
210,426,374,0.5325,12057.146180032669,0.20571461800326696,-0.21707001606952225,10,True
211,398,402,0.4975,6115.521944821449,-0.38844780551785507,-0.45303593207690596,11,False
212,431,369,0.53875,13610.978477727698,0.36109784777276976,-0.31773647176173125,8,True
213,417,383,0.52125,9693.572182004284,-0.030642781799571694,-0.36621348058894887,7,False
214,434,366,0.5425,14637.814521732264,0.4637814521732264,-0.14069028938458705,5,True
215,415,385,0.51875,9234.76652890312,-0.07652334710968811,-0.32623872844011625,7,False
216,427,373,0.53375,12353.029839698136,0.23530298396981353,-0.2083455831392519,8,True
217,407,393,0.50875,7606.66353656468,-0.23933364634353205,-0.37284407048775436,12,False
218,414,386,0.5175,9013.572493740392,-0.09864275062596084,-0.28259979892178944,7,False
219,417,383,0.52125,9693.57218200427,-0.030642781799572916,-0.22624056515263402,6,False
220,405,395,0.50625,7246.633181780399,-0.27533668182196,-0.4901674391773786,14,False
221,427,373,0.53375,12353.029839698158,0.23530298396981575,-0.25055078364048866,7,True
222,405,395,0.50625,7246.633181780378,-0.27533668182196214,-0.4037696664017105,12,False
223,429,371,0.53625,12966.758395329949,0.2966758395329949,-0.21178504676129273,7,True
224,400,400,0.5,6419.3559433493465,-0.35806440566506537,-0.43453443405369696,8,False
225,409,391,0.51125,7984.5810746952775,-0.20154189253047228,-0.41683877425164606,10,False
226,452,348,0.565,22646.31768196136,1.264631768196136,-0.19830967758828255,8,True
227,402,398,0.5025,6738.285153617848,-0.3261714846382152,-0.37435339167629933,9,False
228,416,384,0.52,9461.388689398615,-0.05386113106013857,-0.5067711931209117,9,False
229,410,390,0.5125,8180.523550136895,-0.18194764498631044,-0.345832846293611,8,False
230,410,390,0.5125,8180.523550136923,-0.18194764498630767,-0.34365444543486734,9,False
231,406,394,0.5075,7424.466336829108,-0.25755336631708925,-0.5377631591780472,6,False
232,450,350,0.5625,21574.446716405717,1.1574446716405715,-0.23429165087643955,9,True
233,423,377,0.52875,11211.342848728742,0.12113428487287425,-0.24189049742853053,8,True
234,402,398,0.5025,6738.285153617843,-0.32617148463821566,-0.4337091268122859,9,False
235,434,366,0.5425,14637.814521732267,0.46378145217322664,-0.250711463513666,6,True
236,415,385,0.51875,9234.76652890314,-0.07652334710968611,-0.24141879381893527,8,False
237,408,392,0.51,7793.3318751115,-0.22066681248885,-0.3303398771567452,10,False
238,402,398,0.5025,6738.285153617831,-0.3261714846382169,-0.4688286910104953,8,False
239,435,365,0.54375,14997.028059125385,0.4997028059125386,-0.2984753344452208,10,True
240,432,368,0.54,13944.993348534194,0.39449933485341937,-0.2844387333508629,8,True
241,417,383,0.52125,9693.57218200432,-0.03064278179956803,-0.3303782548290588,8,False
242,437,363,0.54625,15742.116874495827,0.5742116874495826,-0.2245237520573541,12,True
243,413,387,0.51625,8797.67656774356,-0.12023234322564402,-0.3759346235329306,8,False
244,416,384,0.52,9461.388689398582,-0.05386113106014179,-0.304045376521087,7,False
245,397,403,0.49625,5969.041037928185,-0.40309589620718156,-0.45878921521056115,7,False
246,425,375,0.53125,11768.349618932689,0.17683496189326897,-0.215271213680843,8,True
247,423,377,0.52875,11211.342848728726,0.12113428487287248,-0.2837989160350086,9,True
248,390,410,0.4875,5037.346384355162,-0.49626536156448386,-0.552912734708932,10,False
249,416,384,0.52,9461.388689398613,-0.05386113106013868,-0.3439595144555134,9,False
250,396,404,0.495,5826.068687831523,-0.41739313121684773,-0.43664087570473475,9,False
251,395,405,0.49375,5686.520856474505,-0.4313479143525495,-0.5107154271175796,9,False
252,418,382,0.5225,9931.453482406294,-0.006854651759370611,-0.27705459154834444,10,False
253,446,354,0.5575,19580.50146790263,0.9580501467902631,-0.23683302517794258,13,True
254,410,390,0.5125,8180.5235501369,-0.18194764498631,-0.4596938359688568,9,False
255,424,376,0.53,11486.470403982252,0.14864704039822518,-0.295701281833725,7,True
256,429,371,0.53625,12966.758395329949,0.2966758395329949,-0.2264507910818836,8,True
257,414,386,0.5175,9013.572493740412,-0.09864275062595884,-0.4196669402919698,8,False
258,426,374,0.5325,12057.146180032601,0.20571461800326007,-0.3635343622398217,6,True
259,422,378,0.5275,10942.805235293496,0.09428052352934957,-0.26075237729806544,7,True
260,416,384,0.52,9461.388689398604,-0.05386113106013968,-0.2974365214523239,12,False
261,404,396,0.505,7073.059542446317,-0.2926940457553683,-0.41107352722367907,9,False
262,410,390,0.5125,8180.523550136889,-0.1819476449863111,-0.3267105811629063,9,False
263,430,370,0.5375,13284.96403626036,0.32849640362603605,-0.22194138742030123,8,True
264,396,404,0.495,5826.068687831517,-0.4173931312168483,-0.4798548314245724,13,False
265,405,395,0.50625,7246.633181780383,-0.2753366818219617,-0.4191689861034995,9,False
266,411,389,0.51375,8381.274474928958,-0.1618725525071042,-0.3705351640196626,12,False
267,408,392,0.51,7793.33187511151,-0.220666812488849,-0.4100198821134705,8,False
268,426,374,0.5325,12057.146180032596,0.20571461800325963,-0.15900303032116214,7,True
269,424,376,0.53,11486.470403982283,0.1486470403982283,-0.33959699096451623,8,True
270,396,404,0.495,5826.068687831526,-0.4173931312168474,-0.5757513991016505,8,False
271,435,365,0.54375,14997.028059125365,0.4997028059125366,-0.21195403790299805,6,True
272,402,398,0.5025,6738.285153617843,-0.32617148463821566,-0.49801612173000953,9,False
273,433,367,0.54125,14287.20498007343,0.4287204980073429,-0.3093688849635924,10,True
274,420,380,0.525,10424.872237171521,0.04248722371715208,-0.4286009517899717,6,True
275,433,367,0.54125,14287.204980073368,0.4287204980073367,-0.17194986571371418,7,True
276,416,384,0.52,9461.388689398604,-0.05386113106013968,-0.2889316912554103,10,False
277,427,373,0.53375,12353.029839698136,0.23530298396981353,-0.21945647958783387,7,True
278,401,399,0.50125,6576.8876262909625,-0.34231123737090374,-0.400945423788971,8,False
279,427,373,0.53375,12353.029839698153,0.2353029839698153,-0.2871603024875595,7,True
280,431,369,0.53875,13610.978477727682,0.3610978477727682,-0.26198801184898657,7,True
281,433,367,0.54125,14287.204980073404,0.42872049800734047,-0.23767827416463183,9,True
282,416,384,0.52,9461.388689398604,-0.05386113106013968,-0.3086427486590909,9,False
283,417,383,0.52125,9693.5721820043,-0.03064278179957003,-0.3484467856080836,9,False
284,415,385,0.51875,9234.76652890313,-0.076523347109687,-0.3696298403467192,7,False
285,454,346,0.5675,23771.4418030627,1.3771441803062698,-0.2173442173058482,7,True
286,429,371,0.53625,12966.758395329945,0.2966758395329945,-0.44487301198202633,9,True
287,409,391,0.51125,7984.581074695288,-0.20154189253047117,-0.3725031423293502,10,False
288,435,365,0.54375,14997.02805912542,0.4997028059125419,-0.18841363542998824,7,True
289,403,397,0.50375,6903.643393565527,-0.3096356606434473,-0.3988344300912816,8,False
290,402,398,0.5025,6738.285153617824,-0.32617148463821755,-0.48473677280002636,8,False
291,412,388,0.515,8586.951848933919,-0.14130481510660808,-0.39912661651782444,8,False
292,420,380,0.525,10424.87223717152,0.042487223717151856,-0.3454633298029809,7,True
293,416,384,0.52,9461.38868939859,-0.05386113106014112,-0.3067718371631989,6,False
294,424,376,0.53,11486.470403982245,0.14864704039822452,-0.3126102624562672,9,True
295,438,362,0.5475,16128.430109996094,0.6128430109996095,-0.26188773463682,6,True
296,424,376,0.53,11486.470403982234,0.1486470403982234,-0.2414622674855934,11,True
297,417,383,0.52125,9693.5721820043,-0.03064278179957003,-0.3090873286704531,11,False
298,424,376,0.53,11486.470403982248,0.14864704039822474,-0.3050994810107851,11,True
299,434,366,0.5425,14637.814521732298,0.46378145217322975,-0.1936190948649793,6,True
300,445,355,0.55625,19111.50313246662,0.9111503132466621,-0.22661663792790288,12,True
301,415,385,0.51875,9234.766528903148,-0.07652334710968511,-0.3167015365032,7,False
302,418,382,0.5225,9931.453482406301,-0.006854651759369834,-0.5004113572237929,8,False
303,439,361,0.54875,16524.223513704485,0.6524223513704484,-0.23582300152437508,6,True
304,438,362,0.5475,16128.430109996058,0.6128430109996057,-0.38681891117656764,9,True
305,395,405,0.49375,5686.520856474512,-0.4313479143525488,-0.46151796559722835,9,False
306,443,357,0.55375,18206.938178309265,0.8206938178309264,-0.2077453747417911,7,True
307,431,369,0.53875,13610.978477727707,0.36109784777277065,-0.22301428956723257,8,True
308,420,380,0.525,10424.87223717155,0.042487223717154965,-0.2248841929529264,6,True
309,423,377,0.52875,11211.342848728731,0.12113428487287314,-0.23609063500636573,11,True
310,401,399,0.50125,6576.887626290961,-0.34231123737090396,-0.4182422172439567,9,False
311,408,392,0.51,7793.331875111513,-0.22066681248884867,-0.4149303575467248,8,False
312,402,398,0.5025,6738.285153617832,-0.32617148463821677,-0.5229638545708987,9,False
313,419,381,0.52375,10175.172415418692,0.017517241541869177,-0.24977874320409132,9,True
314,432,368,0.54,13944.993348534204,0.3944993348534205,-0.22144073180754975,7,True
315,440,360,0.55,16929.72972996516,0.6929729729965157,-0.29203607628740436,9,True
316,415,385,0.51875,9234.766528903167,-0.07652334710968334,-0.31869175129398863,11,False
317,418,382,0.5225,9931.453482406301,-0.006854651759369834,-0.3375778496261653,6,False
318,404,396,0.505,7073.059542446321,-0.29269404575536795,-0.45143815899830586,7,False
319,392,408,0.49,5287.6139997342,-0.47123860002658,-0.5210398781735517,8,False
320,418,382,0.5225,9931.453482406287,-0.0068546517593713885,-0.28883507500959626,7,False
321,440,360,0.55,16929.729729965136,0.6929729729965137,-0.16439712736582068,6,True
322,413,387,0.51625,8797.67656774357,-0.12023234322564291,-0.3750105117328434,10,False
323,400,400,0.5,6419.355943349343,-0.3580644056650657,-0.4539385689577695,7,False
324,422,378,0.5275,10942.805235293492,0.09428052352934913,-0.2313682331459771,8,True
325,439,361,0.54875,16524.223513704495,0.6524223513704495,-0.2799173862318286,6,True
326,422,378,0.5275,10942.805235293492,0.09428052352934913,-0.33757784962616666,11,True
327,425,375,0.53125,11768.349618932663,0.1768349618932663,-0.2816503459238615,7,True
328,422,378,0.5275,10942.805235293505,0.09428052352935046,-0.28165034592386107,7,True
329,408,392,0.51,7793.331875111532,-0.2206668124888468,-0.2907543949463328,10,False
330,410,390,0.5125,8180.523550136914,-0.18194764498630855,-0.3183069037337395,7,False
331,370,430,0.4625,3101.862422430332,-0.6898137577569667,-0.7336406191441007,8,False
332,380,420,0.475,3952.8667392661537,-0.6047133260733846,-0.6348286824935327,8,False
333,407,393,0.50875,7606.663536564678,-0.23933364634353216,-0.40788177604214204,8,False
334,411,389,0.51375,8381.274474928963,-0.16187255250710364,-0.44724142594448246,10,False
335,441,359,0.55125,17345.18711223899,0.7345187112238989,-0.2764650110429774,7,True
336,423,377,0.52875,11211.34284872872,0.12113428487287203,-0.2811469142187012,12,True
337,423,377,0.52875,11211.342848728726,0.12113428487287248,-0.2065890647582247,8,True
338,406,394,0.5075,7424.466336829104,-0.2575533663170896,-0.4151476879264765,7,False
339,390,410,0.4875,5037.346384355165,-0.4962653615644834,-0.5505507653786708,11,False
340,430,370,0.5375,13284.964036260333,0.3284964036260334,-0.18841363542998957,7,True
341,420,380,0.525,10424.87223717152,0.042487223717151856,-0.40199370711114324,7,True
342,397,403,0.49625,5969.041037928183,-0.40309589620718167,-0.48472582648323526,7,False
343,417,383,0.52125,9693.572182004278,-0.03064278179957214,-0.42251448764935495,6,False
344,416,384,0.52,9461.388689398627,-0.053861131060137235,-0.34528544767456026,8,False
345,446,354,0.5575,19580.50146790262,0.958050146790262,-0.19664004794829193,8,True
346,449,351,0.56125,21057.688776649593,1.1057688776649592,-0.17051594555234895,10,True
347,412,388,0.515,8586.951848933924,-0.14130481510660753,-0.3422875161339358,8,False
348,400,400,0.5,6419.355943349324,-0.3580644056650676,-0.4046727268173439,7,False
349,422,378,0.5275,10942.805235293503,0.09428052352935024,-0.2924763048819946,9,True
350,421,379,0.52625,10680.699719315511,0.06806997193155118,-0.3040852611096623,16,True
351,411,389,0.51375,8381.274474928947,-0.1618725525071053,-0.23955646991690027,6,False
352,412,388,0.515,8586.9518489339,-0.14130481510660997,-0.3535184985331038,11,False
353,410,390,0.5125,8180.523550136909,-0.1819476449863091,-0.28199948770599004,9,False
354,433,367,0.54125,14287.204980073391,0.42872049800733913,-0.3390962934085011,9,True
355,415,385,0.51875,9234.766528903163,-0.07652334710968367,-0.34818116058217286,8,False
356,411,389,0.51375,8381.274474928947,-0.1618725525071053,-0.43289466267709686,10,False
357,441,359,0.55125,17345.187112239008,0.7345187112239007,-0.17481027391445358,8,True
358,438,362,0.5475,16128.430109996114,0.6128430109996115,-0.18491890236123765,10,True
359,447,353,0.55875,20061.009072762146,1.0061009072762146,-0.20196387720031395,9,True
360,407,393,0.50875,7606.663536564691,-0.23933364634353094,-0.2842442666892957,9,False
361,419,381,0.52375,10175.172415418721,0.017517241541872064,-0.3320947172440416,7,True
362,427,373,0.53375,12353.02983969818,0.23530298396981797,-0.32963578995840315,8,True
363,425,375,0.53125,11768.349618932685,0.17683496189326853,-0.2049991315985178,6,True
364,424,376,0.53,11486.470403982268,0.14864704039822674,-0.24581531204192397,10,True
365,436,364,0.545,15365.05673523033,0.5365056735230329,-0.2551126408168962,7,True
366,418,382,0.5225,9931.453482406274,-0.00685465175937261,-0.23205488934485574,7,False
367,448,352,0.56,20553.30838575065,1.055330838575065,-0.16272264487946408,7,True
368,410,390,0.5125,8180.523550136894,-0.18194764498631055,-0.38139413482871787,10,False
369,437,363,0.54625,15742.116874495823,0.5742116874495824,-0.14733032031585114,7,True
370,424,376,0.53,11486.47040398223,0.14864704039822296,-0.255011429415245,9,True
371,407,393,0.50875,7606.663536564676,-0.23933364634353238,-0.3525378415403654,5,False
372,437,363,0.54625,15742.11687449579,0.5742116874495791,-0.29115479718337756,7,True
373,414,386,0.5175,9013.572493740441,-0.09864275062595584,-0.3975952182111654,10,False
374,410,390,0.5125,8180.523550136912,-0.1819476449863089,-0.34300201147746234,7,False
375,384,416,0.48,4355.399834020944,-0.5644600165979057,-0.6114491580357919,8,False
376,425,375,0.53125,11768.349618932656,0.17683496189326564,-0.2494139334552058,7,True
377,379,421,0.47375,3858.186430697187,-0.6141813569302813,-0.623005064108751,10,False
378,400,400,0.5,6419.35594334933,-0.35806440566506703,-0.41529416759100435,14,False
379,422,378,0.5275,10942.80523529352,0.09428052352935201,-0.3862575986967405,8,True
380,404,396,0.505,7073.059542446321,-0.29269404575536795,-0.43863103781123014,9,False
381,395,405,0.49375,5686.520856474517,-0.43134791435254827,-0.5273027181600465,12,False
382,413,387,0.51625,8797.676567743578,-0.12023234322564225,-0.2512632150827906,9,False
383,402,398,0.5025,6738.285153617826,-0.32617148463821743,-0.6145865843624703,8,False
384,393,407,0.49125,5417.372614067915,-0.45826273859320854,-0.5291375671781832,9,False
385,399,401,0.49875,6265.59750887119,-0.373440249112881,-0.373440249112881,9,False
386,435,365,0.54375,14997.028059125403,0.49970280591254035,-0.1562024792531842,7,True
387,419,381,0.52375,10175.172415418696,0.01751724154186962,-0.4072718091463954,7,True
388,436,364,0.545,15365.056735230231,0.5365056735230231,-0.1926787269115402,11,True
389,438,362,0.5475,16128.430109996161,0.6128430109996161,-0.37541241369200584,9,True
390,421,379,0.52625,10680.69971931554,0.06806997193155406,-0.38799714663518026,14,True
391,409,391,0.51125,7984.581074695308,-0.20154189253046917,-0.2903130949614907,12,False
392,432,368,0.54,13944.993348534235,0.3944993348534236,-0.25932916863657873,9,True
393,420,380,0.525,10424.872237171534,0.04248722371715341,-0.4034455497027295,6,True
394,433,367,0.54125,14287.204980073408,0.4287204980073407,-0.27761763798915706,7,True
395,419,381,0.52375,10175.172415418672,0.01751724154186718,-0.3904904863962154,9,True
396,426,374,0.5325,12057.146180032632,0.20571461800326318,-0.25865115069266964,9,True
397,414,386,0.5175,9013.572493740408,-0.09864275062595917,-0.3670874390624863,9,False
398,401,399,0.50125,6576.887626290949,-0.3423112373709051,-0.4298211735165184,10,False
399,407,393,0.50875,7606.663536564675,-0.2393336463435325,-0.3454494247436538,9,False
400,409,391,0.51125,7984.5810746953,-0.20154189253046995,-0.37979119240514947,7,False
401,423,377,0.52875,11211.342848728753,0.12113428487287536,-0.28542545492535065,8,True
402,422,378,0.5275,10942.805235293512,0.09428052352935112,-0.3451450485544455,9,True
403,451,349,0.56375,22103.885951394892,1.2103885951394893,-0.19346330608534112,7,True
404,410,390,0.5125,8180.523550136924,-0.18194764498630756,-0.4962471930790141,9,False
405,408,392,0.51,7793.331875111531,-0.2206668124888469,-0.3922528684236716,11,False
406,418,382,0.5225,9931.45348240627,-0.006854651759372943,-0.28310221313361317,8,False
407,420,380,0.525,10424.872237171541,0.04248722371715408,-0.35755453893106837,9,True
408,432,368,0.54,13944.993348534173,0.39449933485341737,-0.18379339612883505,8,True
409,411,389,0.51375,8381.274474928952,-0.16187255250710475,-0.36813191392540223,9,False
410,415,385,0.51875,9234.766528903157,-0.07652334710968423,-0.3794672234471773,10,False
411,415,385,0.51875,9234.766528903136,-0.07652334710968645,-0.2842442666892959,9,False
412,417,383,0.52125,9693.572182004275,-0.030642781799572583,-0.38084100994246095,8,False
413,422,378,0.5275,10942.805235293503,0.09428052352935024,-0.23704037319753235,10,True
414,417,383,0.52125,9693.572182004275,-0.030642781799572583,-0.2565013422933994,8,False
415,427,373,0.53375,12353.029839698156,0.23530298396981553,-0.23211521269017799,8,True
416,416,384,0.52,9461.388689398611,-0.0538611310601389,-0.2104821312898889,7,False
417,384,416,0.48,4355.399834020957,-0.5644600165979043,-0.5815831748192587,7,False
418,397,403,0.49625,5969.041037928183,-0.40309589620718167,-0.5915263265019957,9,False
419,420,380,0.525,10424.872237171512,0.04248722371715119,-0.3653383153082461,8,True
420,416,384,0.52,9461.388689398604,-0.05386113106013968,-0.3467349085962659,6,False
421,402,398,0.5025,6738.285153617808,-0.3261714846382192,-0.4380849518118294,7,False
422,407,393,0.50875,7606.66353656467,-0.23933364634353305,-0.37357458181897185,8,False
423,426,374,0.5325,12057.146180032667,0.20571461800326674,-0.3269849557414062,8,True
424,414,386,0.5175,9013.572493740432,-0.09864275062595684,-0.33950725885485566,6,False
425,399,401,0.49875,6265.597508871185,-0.37344024911288154,-0.5382751116526765,7,False
426,435,365,0.54375,14997.028059125372,0.49970280591253724,-0.2478507354109829,7,True
427,412,388,0.515,8586.951848933923,-0.14130481510660775,-0.33551445376653166,9,False
428,388,412,0.485,4798.924164519503,-0.5201075835480496,-0.6280143861919605,9,False
429,415,385,0.51875,9234.766528903137,-0.07652334710968622,-0.39574056617334896,8,False
430,423,377,0.52875,11211.342848728746,0.12113428487287448,-0.3485864768447572,8,True
431,400,400,0.5,6419.355943349317,-0.35806440566506825,-0.43028579005310574,8,False
432,430,370,0.5375,13284.964036260333,0.3284964036260334,-0.20273943278488904,10,True
433,425,375,0.53125,11768.349618932667,0.17683496189326675,-0.3157972159110526,7,True
434,380,420,0.475,3952.8667392661555,-0.6047133260733845,-0.6503021520855206,7,False
435,441,359,0.55125,17345.18711223907,0.7345187112239069,-0.23598683899397122,6,True
436,423,377,0.52875,11211.342848728713,0.12113428487287137,-0.21327123769989687,7,True
437,447,353,0.55875,20061.009072762165,1.0061009072762164,-0.23280120157584472,6,True
438,454,346,0.5675,23771.441803062677,1.3771441803062676,-0.14259269989425716,8,True
439,425,375,0.53125,11768.349618932689,0.17683496189326897,-0.2226975282576299,7,True
440,408,392,0.51,7793.331875111528,-0.22066681248884723,-0.31602231026706784,7,False
441,403,397,0.50375,6903.64339356553,-0.30963566064344705,-0.4286336982007025,10,False
442,420,380,0.525,10424.87223717153,0.042487223717152967,-0.297697496174841,8,True
443,405,395,0.50625,7246.633181780391,-0.2753366818219609,-0.3702290744405349,10,False
444,426,374,0.5325,12057.146180032645,0.20571461800326452,-0.27851574730587214,7,True
445,415,385,0.51875,9234.766528903152,-0.07652334710968478,-0.2873948180381919,9,False
446,426,374,0.5325,12057.146180032652,0.20571461800326518,-0.3030695609362136,14,True
447,430,370,0.5375,13284.964036260373,0.3284964036260374,-0.1809641267021712,8,True
448,396,404,0.495,5826.068687831523,-0.41739313121684773,-0.5629846073227464,8,False
449,434,366,0.5425,14637.814521732318,0.46378145217323175,-0.37336842768819367,8,True
450,404,396,0.505,7073.059542446312,-0.29269404575536884,-0.40330494662878735,10,False
451,438,362,0.5475,16128.430109996072,0.6128430109996073,-0.24925297533545976,7,True
452,409,391,0.51125,7984.581074695293,-0.20154189253047072,-0.3125022585527678,11,False
453,426,374,0.5325,12057.146180032638,0.20571461800326385,-0.25994843422158687,8,True
454,409,391,0.51125,7984.5810746953075,-0.20154189253046928,-0.3616249947776914,9,False
455,433,367,0.54125,14287.204980073378,0.4287204980073378,-0.3682808050461286,9,True
456,419,381,0.52375,10175.172415418692,0.017517241541869177,-0.3931514856105254,8,True
457,409,391,0.51125,7984.581074695304,-0.2015418925304696,-0.4009110904950035,13,False
458,429,371,0.53625,12966.758395329958,0.2966758395329958,-0.3158509611595629,8,True
459,409,391,0.51125,7984.581074695294,-0.2015418925304706,-0.5153457926899151,9,False
460,381,419,0.47625,4049.870512756183,-0.5950129487243817,-0.6418178718577603,9,False
461,415,385,0.51875,9234.766528903152,-0.07652334710968478,-0.3489030854448819,8,False
462,416,384,0.52,9461.38868939864,-0.053861131060136014,-0.36157484543690255,6,False
463,425,375,0.53125,11768.349618932663,0.1768349618932663,-0.19974141581555804,11,True
464,398,402,0.4975,6115.521944821454,-0.3884478055178546,-0.5099732243836306,7,False
465,428,372,0.535,12656.174516087669,0.2656174516087668,-0.21342320042485308,8,True
466,426,374,0.5325,12057.146180032636,0.20571461800326363,-0.31214314090694006,7,True
467,407,393,0.50875,7606.663536564678,-0.23933364634353216,-0.3921354547010093,7,False
468,430,370,0.5375,13284.964036260333,0.3284964036260334,-0.2484795979699299,8,True
469,434,366,0.5425,14637.814521732267,0.46378145217322664,-0.21696363563482768,6,True
470,424,376,0.53,11486.470403982259,0.14864704039822585,-0.368231178571202,7,True
471,427,373,0.53375,12353.029839698162,0.2353029839698162,-0.3405076521856363,12,True
472,425,375,0.53125,11768.349618932672,0.1768349618932672,-0.2881991886716341,7,True
473,414,386,0.5175,9013.572493740403,-0.09864275062595973,-0.3253470299736152,7,False
474,427,373,0.53375,12353.02983969814,0.23530298396981397,-0.30244640232822195,7,True
475,412,388,0.515,8586.951848933919,-0.14130481510660808,-0.43005352912884465,10,False
476,412,388,0.515,8586.951848933915,-0.14130481510660853,-0.25273367295610416,9,False
477,432,368,0.54,13944.993348534214,0.39449933485342137,-0.2245237520573542,8,True
478,410,390,0.5125,8180.523550136899,-0.1819476449863101,-0.33065113478075114,13,False
479,426,374,0.5325,12057.146180032641,0.20571461800326407,-0.19835562180302924,6,True
480,417,383,0.52125,9693.572182004278,-0.03064278179957214,-0.24971980746699984,8,False
481,415,385,0.51875,9234.766528903154,-0.07652334710968467,-0.4432833004611262,9,False
482,424,376,0.53,11486.470403982272,0.14864704039822718,-0.43399638723025424,9,True
483,428,372,0.535,12656.17451608768,0.26561745160876793,-0.2558791922264205,8,True
484,420,380,0.525,10424.872237171547,0.04248722371715474,-0.25860866216326606,7,True
485,412,388,0.515,8586.951848933937,-0.1413048151066063,-0.32436236173714783,8,False
486,428,372,0.535,12656.174516087682,0.26561745160876815,-0.25598028573701403,7,True
487,419,381,0.52375,10175.172415418725,0.017517241541872508,-0.30755433550951317,7,True
488,424,376,0.53,11486.470403982243,0.1486470403982243,-0.2702777620381964,8,True
489,441,359,0.55125,17345.187112239004,0.7345187112239004,-0.20725242568207713,10,True
490,411,389,0.51375,8381.274474928983,-0.16187255250710164,-0.4123773410842595,8,False
491,428,372,0.535,12656.174516087684,0.2656174516087684,-0.2971650316911264,6,True
492,420,380,0.525,10424.872237171523,0.0424872237171523,-0.39670318127357596,7,True
493,409,391,0.51125,7984.581074695286,-0.2015418925304714,-0.4180050463994188,8,False
494,421,379,0.52625,10680.699719315508,0.06806997193155073,-0.30979833561067904,6,True
495,417,383,0.52125,9693.572182004287,-0.03064278179957125,-0.40534471712552056,8,False
496,400,400,0.5,6419.355943349338,-0.35806440566506614,-0.4445476400201922,6,False
497,415,385,0.51875,9234.76652890314,-0.07652334710968611,-0.28065841148316606,8,False
498,427,373,0.53375,12353.029839698202,0.2353029839698202,-0.2718932811432275,6,True
499,415,385,0.51875,9234.766528903163,-0.07652334710968367,-0.36362083011576474,8,False
500,409,391,0.51125,7984.58107469527,-0.20154189253047294,-0.4127427386541367,11,False
501,416,384,0.52,9461.388689398604,-0.05386113106013968,-0.23417134141278106,8,False
502,442,358,0.5525,17770.839863206897,0.7770839863206898,-0.2629634528346947,8,True
503,409,391,0.51125,7984.581074695279,-0.20154189253047206,-0.2967680244285186,10,False
504,409,391,0.51125,7984.581074695305,-0.2015418925304695,-0.36791054073142704,9,False
505,428,372,0.535,12656.174516087685,0.2656174516087686,-0.31930039714040737,7,True
506,432,368,0.54,13944.993348534224,0.3944993348534225,-0.2453460504927616,6,True
507,422,378,0.5275,10942.805235293512,0.09428052352935112,-0.31847763773613724,7,True
508,437,363,0.54625,15742.116874495829,0.5742116874495828,-0.2573248075477459,11,True
509,419,381,0.52375,10175.172415418696,0.01751724154186962,-0.37111085582016023,11,True
510,421,379,0.52625,10680.699719315498,0.06806997193154984,-0.3593754407866179,9,True
511,403,397,0.50375,6903.64339356553,-0.30963566064344705,-0.35407273576169684,9,False
512,426,374,0.5325,12057.146180032634,0.2057146180032634,-0.2352436256731667,6,True
513,424,376,0.53,11486.47040398224,0.14864704039822407,-0.2647949701669924,7,True
514,414,386,0.5175,9013.572493740441,-0.09864275062595584,-0.4312827307800563,11,False
515,424,376,0.53,11486.470403982254,0.1486470403982254,-0.2644952419931672,9,True
516,415,385,0.51875,9234.766528903145,-0.07652334710968556,-0.4215476184613567,6,False
517,423,377,0.52875,11211.34284872876,0.12113428487287603,-0.30012352300360434,7,True
518,409,391,0.51125,7984.581074695304,-0.2015418925304696,-0.4423950081895772,9,False
519,426,374,0.5325,12057.146180032645,0.20571461800326452,-0.30865743562746106,8,True
520,400,400,0.5,6419.35594334932,-0.35806440566506803,-0.5188467244536217,9,False
521,419,381,0.52375,10175.172415418694,0.0175172415418694,-0.33986611415608314,8,True
522,442,358,0.5525,17770.839863206867,0.7770839863206866,-0.1599344802657766,8,True
523,425,375,0.53125,11768.349618932662,0.17683496189326608,-0.2160954186195052,8,True
524,420,380,0.525,10424.872237171521,0.04248722371715208,-0.20620325318407107,7,True
525,401,399,0.50125,6576.887626290969,-0.3423112373709031,-0.4082034824749069,8,False
526,423,377,0.52875,11211.34284872875,0.12113428487287492,-0.21376044412094364,9,True
527,428,372,0.535,12656.174516087729,0.2656174516087728,-0.2967277204710753,9,True
528,418,382,0.5225,9931.45348240629,-0.006854651759370944,-0.3255833099504576,14,False
529,438,362,0.5475,16128.430109996101,0.6128430109996101,-0.27399858412332045,7,True
530,425,375,0.53125,11768.349618932665,0.17683496189326653,-0.21009821279542495,9,True
531,393,407,0.49125,5417.3726140679055,-0.45826273859320943,-0.5173100516070106,7,False
532,434,366,0.5425,14637.81452173231,0.4637814521732311,-0.2125059271976114,7,True
533,415,385,0.51875,9234.766528903137,-0.07652334710968622,-0.3423252090968616,9,False
534,445,355,0.55625,19111.503132466638,0.9111503132466638,-0.17183735458878224,6,True
535,438,362,0.5475,16128.43010999606,0.6128430109996059,-0.18005599406144457,7,True
536,408,392,0.51,7793.3318751115075,-0.22066681248884923,-0.3659416289544931,9,False
537,403,397,0.50375,6903.643393565525,-0.3096356606434475,-0.4864469235716803,12,False
538,416,384,0.52,9461.388689398626,-0.05386113106013746,-0.27268424812800374,6,False
539,427,373,0.53375,12353.029839698162,0.2353029839698162,-0.22538263423438776,10,True
540,418,382,0.5225,9931.45348240628,-0.006854651759372055,-0.3439734511660093,7,False
541,415,385,0.51875,9234.76652890315,-0.076523347109685,-0.4156242613154365,9,False
542,419,381,0.52375,10175.172415418698,0.017517241541869844,-0.470334205300447,7,True
543,408,392,0.51,7793.331875111503,-0.22066681248884967,-0.4191024064822243,10,False
544,406,394,0.5075,7424.466336829105,-0.25755336631708947,-0.3692242174881849,9,False
545,413,387,0.51625,8797.676567743561,-0.1202323432256438,-0.36277860549726515,6,False
546,430,370,0.5375,13284.964036260388,0.3284964036260387,-0.2671775400145989,10,True
547,441,359,0.55125,17345.18711223905,0.7345187112239051,-0.28081263636283926,10,True
548,433,367,0.54125,14287.204980073393,0.42872049800733936,-0.19852749217691157,6,True
549,419,381,0.52375,10175.172415418707,0.01751724154187073,-0.2568043280898751,9,True
550,428,372,0.535,12656.174516087714,0.2656174516087715,-0.3314066787823088,9,True
551,434,366,0.5425,14637.814521732314,0.4637814521732315,-0.2608685109579906,7,True
552,410,390,0.5125,8180.523550136898,-0.18194764498631022,-0.3594624736783034,9,False
553,417,383,0.52125,9693.572182004284,-0.030642781799571694,-0.2095899364819298,7,False
554,407,393,0.50875,7606.663536564675,-0.2393336463435325,-0.42131179516183004,8,False
555,441,359,0.55125,17345.187112239062,0.7345187112239062,-0.24847959796992947,7,True
556,413,387,0.51625,8797.676567743581,-0.1202323432256418,-0.4319126161280593,6,False
557,425,375,0.53125,11768.349618932682,0.17683496189326808,-0.19311735628714632,7,True
558,411,389,0.51375,8381.274474928952,-0.16187255250710475,-0.3450185338353159,8,False
559,419,381,0.52375,10175.172415418738,0.01751724154187384,-0.3406350382163291,12,True
560,418,382,0.5225,9931.453482406287,-0.0068546517593713885,-0.4110860381859378,9,False
561,438,362,0.5475,16128.430109996123,0.6128430109996124,-0.18242684233753392,7,True
562,448,352,0.56,20553.308385750646,1.0553308385750646,-0.23983894480395662,9,True
563,431,369,0.53875,13610.978477727691,0.3610978477727691,-0.22718613213845174,7,True
564,412,388,0.515,8586.951848933933,-0.14130481510660664,-0.2823895878146965,12,False
565,411,389,0.51375,8381.274474928954,-0.16187255250710464,-0.36095380105779484,9,False
566,423,377,0.52875,11211.342848728766,0.12113428487287647,-0.3384014127917898,13,True
567,423,377,0.52875,11211.342848728718,0.12113428487287181,-0.20641892313421162,9,True
568,401,399,0.50125,6576.887626290966,-0.3423112373709034,-0.44873323257625897,6,False
569,402,398,0.5025,6738.285153617821,-0.3261714846382179,-0.4405821095505412,10,False
570,418,382,0.5225,9931.453482406312,-0.006854651759368835,-0.23108261055317625,9,False
571,407,393,0.50875,7606.663536564685,-0.2393336463435315,-0.4159876398740545,10,False
572,420,380,0.525,10424.872237171523,0.0424872237171523,-0.22091165522735512,8,True
573,412,388,0.515,8586.95184893392,-0.14130481510660797,-0.2569478820628457,10,False
574,401,399,0.50125,6576.887626290977,-0.3423112373709023,-0.39331636281538396,8,False
575,413,387,0.51625,8797.676567743561,-0.1202323432256438,-0.39878720384215094,10,False
576,398,402,0.4975,6115.521944821454,-0.3884478055178546,-0.43855476193031173,9,False
577,416,384,0.52,9461.388689398598,-0.05386113106014023,-0.3912133763188258,9,False
578,422,378,0.5275,10942.805235293516,0.09428052352935157,-0.32894521844806146,9,True
579,420,380,0.525,10424.872237171525,0.04248722371715252,-0.2746055847941745,8,True
580,396,404,0.495,5826.068687831506,-0.4173931312168494,-0.4553383053453889,8,False
581,432,368,0.54,13944.993348534184,0.3944993348534185,-0.19396482954346317,10,True
582,430,370,0.5375,13284.964036260324,0.3284964036260325,-0.2839935036957537,7,True
583,425,375,0.53125,11768.349618932658,0.17683496189326586,-0.2270975458656671,10,True
584,415,385,0.51875,9234.766528903174,-0.07652334710968267,-0.28106451337394733,9,False
585,385,415,0.48125,4462.281812803871,-0.553771818719613,-0.621441184157554,9,False
586,424,376,0.53,11486.470403982245,0.14864704039822452,-0.28333806374605863,10,True
587,399,401,0.49875,6265.597508871192,-0.37344024911288076,-0.45852604088871374,10,False
588,433,367,0.54125,14287.204980073382,0.42872049800733825,-0.23767827416463128,7,True
589,420,380,0.525,10424.872237171512,0.04248722371715119,-0.31953879479601177,13,True
590,417,383,0.52125,9693.57218200429,-0.030642781799570917,-0.24119651593982327,6,False
591,392,408,0.49,5287.613999734201,-0.4712386000265799,-0.5176757352536046,12,False
592,398,402,0.4975,6115.521944821451,-0.38844780551785485,-0.41989111024778925,7,False
593,411,389,0.51375,8381.274474928963,-0.16187255250710364,-0.2501863493113551,6,False
594,439,361,0.54875,16524.22351370457,0.6524223513704572,-0.2171315165011658,9,True
595,433,367,0.54125,14287.204980073398,0.4287204980073398,-0.24320103316991226,8,True
596,431,369,0.53875,13610.978477727684,0.36109784777276843,-0.21647642227282227,13,True
597,419,381,0.52375,10175.172415418718,0.017517241541871842,-0.263363895497683,7,True
598,425,375,0.53125,11768.349618932654,0.17683496189326542,-0.2580465617097135,8,True
599,417,383,0.52125,9693.572182004298,-0.03064278179957014,-0.3404180438118629,7,False
600,378,422,0.4725,3765.773934686059,-0.6234226065313941,-0.6499144132325148,11,False
601,403,397,0.50375,6903.643393565517,-0.3096356606434483,-0.38206614732807787,7,False
602,419,381,0.52375,10175.172415418694,0.0175172415418694,-0.41169207992090695,6,True
603,445,355,0.55625,19111.503132466656,0.9111503132466656,-0.1907775090124112,11,True
604,416,384,0.52,9461.388689398613,-0.05386113106013868,-0.2434066510388403,6,False
605,423,377,0.52875,11211.342848728736,0.12113428487287359,-0.39746603656854596,7,True
606,427,373,0.53375,12353.029839698187,0.23530298396981864,-0.24669378649214746,8,True
607,382,418,0.4775,4149.2547692455255,-0.5850745230754475,-0.5960510647310411,10,False
608,394,406,0.4925,5550.315518706214,-0.44496844812937864,-0.5174135390188304,10,False
609,432,368,0.54,13944.993348534204,0.3944993348534205,-0.2419934913916466,7,True
610,415,385,0.51875,9234.766528903137,-0.07652334710968622,-0.49770378214511457,8,False
611,425,375,0.53125,11768.349618932705,0.17683496189327053,-0.3070690577626297,9,True
612,402,398,0.5025,6738.285153617818,-0.3261714846382182,-0.3887930552663139,7,False
613,430,370,0.5375,13284.96403626034,0.32849640362603405,-0.22112332899037523,7,True
614,442,358,0.5525,17770.839863206915,0.7770839863206915,-0.22891343209775517,7,True
615,411,389,0.51375,8381.274474928943,-0.16187255250710564,-0.35910065609467556,8,False
616,426,374,0.5325,12057.146180032636,0.20571461800326363,-0.19841859228097147,6,True
617,428,372,0.535,12656.174516087689,0.2656174516087688,-0.25273367295610427,7,True
618,398,402,0.4975,6115.521944821446,-0.3884478055178554,-0.4412657420397377,9,False
619,435,365,0.54375,14997.028059125383,0.49970280591253835,-0.29100279011034125,6,True
620,401,399,0.50125,6576.8876262909735,-0.34231123737090263,-0.410833433849667,9,False
621,426,374,0.5325,12057.146180032634,0.2057146180032634,-0.25896900296871983,5,True
622,433,367,0.54125,14287.204980073378,0.4287204980073378,-0.2650524569567081,8,True
623,411,389,0.51375,8381.274474928943,-0.16187255250710564,-0.4792482597106963,8,False
624,394,406,0.4925,5550.315518706221,-0.44496844812937786,-0.5078913475777913,8,False
625,407,393,0.50875,7606.66353656467,-0.23933364634353305,-0.43477687661947817,9,False
626,415,385,0.51875,9234.766528903148,-0.07652334710968511,-0.416033515000784,7,False
627,411,389,0.51375,8381.274474928952,-0.16187255250710475,-0.3016581317611058,8,False
628,408,392,0.51,7793.3318751115185,-0.22066681248884812,-0.29081010734941826,7,False
629,419,381,0.52375,10175.172415418701,0.017517241541870066,-0.22215278141108585,8,True
630,421,379,0.52625,10680.69971931551,0.06806997193155095,-0.41169207992090684,11,True
631,417,383,0.52125,9693.572182004295,-0.030642781799570584,-0.29360342504687953,7,False
632,429,371,0.53625,12966.758395329985,0.2966758395329985,-0.27325069829236004,7,True
633,408,392,0.51,7793.33187511151,-0.220666812488849,-0.3701568849246334,12,False
634,415,385,0.51875,9234.766528903152,-0.07652334710968478,-0.3212686235903681,8,False
635,440,360,0.55,16929.729729965125,0.6929729729965126,-0.18198240149294187,7,True
636,426,374,0.5325,12057.146180032685,0.2057146180032685,-0.2897750318484704,7,True
637,413,387,0.51625,8797.676567743561,-0.1202323432256438,-0.3358754784167671,10,False
638,406,394,0.5075,7424.466336829114,-0.2575533663170886,-0.4748251937761083,7,False
639,421,379,0.52625,10680.699719315506,0.06806997193155051,-0.5356199679598009,8,True
640,430,370,0.5375,13284.964036260322,0.3284964036260323,-0.2381523037171961,9,True
641,406,394,0.5075,7424.466336829103,-0.2575533663170897,-0.3387229716712048,7,False
642,395,405,0.49375,5686.520856474514,-0.4313479143525486,-0.46263709726783897,8,False
643,392,408,0.49,5287.613999734198,-0.47123860002658025,-0.48333142095281023,9,False
644,417,383,0.52125,9693.572182004289,-0.03064278179957114,-0.3307037132296239,8,False
645,417,383,0.52125,9693.572182004287,-0.03064278179957125,-0.23024640115236727,8,False
646,428,372,0.535,12656.174516087729,0.2656174516087728,-0.2550114294152449,8,True
647,395,405,0.49375,5686.520856474515,-0.4313479143525485,-0.481329094004057,9,False
648,412,388,0.515,8586.9518489339,-0.14130481510660997,-0.40434910103092647,8,False
649,410,390,0.5125,8180.523550136895,-0.18194764498631044,-0.29217282497662844,11,False
650,392,408,0.49,5287.613999734201,-0.4712386000265799,-0.5455424124180004,9,False
651,417,383,0.52125,9693.572182004287,-0.03064278179957125,-0.4099271833834216,8,False
652,443,357,0.55375,18206.938178309323,0.8206938178309322,-0.16387720657618166,6,True
653,425,375,0.53125,11768.349618932658,0.17683496189326586,-0.2318461864302408,10,True
654,424,376,0.53,11486.470403982239,0.14864704039822385,-0.29109911185837045,6,True
655,437,363,0.54625,15742.116874495803,0.5742116874495804,-0.21636996118370477,7,True
656,429,371,0.53625,12966.758395329927,0.2966758395329927,-0.30572026949435394,8,True
657,421,379,0.52625,10680.699719315506,0.06806997193155051,-0.25475042477997545,8,True
658,433,367,0.54125,14287.20498007338,0.428720498007338,-0.2237693877258803,9,True
659,401,399,0.50125,6576.887626290984,-0.3423112373709015,-0.41298205396051646,10,False
660,436,364,0.545,15365.056735230262,0.5365056735230262,-0.2714402455774021,12,True
661,436,364,0.545,15365.056735230293,0.5365056735230294,-0.1972486696893745,8,True
662,430,370,0.5375,13284.964036260324,0.3284964036260325,-0.20592514874252443,7,True
663,412,388,0.515,8586.951848933919,-0.14130481510660808,-0.40231861261729474,8,False
664,429,371,0.53625,12966.75839532996,0.29667583953299603,-0.2732506982923606,7,True
665,435,365,0.54375,14997.028059125436,0.4997028059125437,-0.25143964472292024,11,True
666,408,392,0.51,7793.331875111523,-0.22066681248884767,-0.5466197639140006,8,False
667,411,389,0.51375,8381.274474928949,-0.16187255250710508,-0.2645795419262037,6,False
668,423,377,0.52875,11211.342848728742,0.12113428487287425,-0.15350761920739864,7,True
669,421,379,0.52625,10680.699719315511,0.06806997193155118,-0.26096892663812954,7,True
670,432,368,0.54,13944.99334853417,0.3944993348534169,-0.2317418137043551,7,True
671,446,354,0.5575,19580.501467902584,0.9580501467902585,-0.1795458163813659,13,True
672,456,344,0.57,24952.46482594847,1.495246482594847,-0.19060397670690787,7,True
673,403,397,0.50375,6903.643393565534,-0.3096356606434466,-0.46760831085004817,8,False
674,405,395,0.50625,7246.633181780379,-0.275336681821962,-0.3177219776695456,8,False
675,424,376,0.53,11486.470403982259,0.14864704039822585,-0.4085036810531032,11,True
676,419,381,0.52375,10175.172415418743,0.017517241541874284,-0.396293205783287,7,True
677,434,366,0.5425,14637.814521732327,0.46378145217323263,-0.22939291183496224,8,True
678,411,389,0.51375,8381.274474928963,-0.16187255250710364,-0.3271149537851584,8,False
679,438,362,0.5475,16128.430109996101,0.6128430109996101,-0.1571370309606246,9,True
680,416,384,0.52,9461.388689398602,-0.05386113106013979,-0.32680205178203847,7,False
681,410,390,0.5125,8180.5235501368925,-0.18194764498631077,-0.3360418122674135,8,False
682,420,380,0.525,10424.872237171536,0.04248722371715363,-0.21075863976465115,6,True
683,406,394,0.5075,7424.466336829088,-0.25755336631709125,-0.498220686975151,8,False
684,409,391,0.51125,7984.581074695303,-0.20154189253046972,-0.27822161281449953,10,False
685,414,386,0.5175,9013.57249374042,-0.09864275062595806,-0.2948245652066147,6,False
686,421,379,0.52625,10680.699719315526,0.06806997193155251,-0.27937144140736536,6,True
687,423,377,0.52875,11211.342848728711,0.12113428487287115,-0.2222584568675603,8,True
688,416,384,0.52,9461.388689398602,-0.05386113106013979,-0.3678743141269064,9,False
689,404,396,0.505,7073.059542446316,-0.2926940457553684,-0.40094542378897124,16,False
690,433,367,0.54125,14287.204980073364,0.42872049800733647,-0.33918608135041395,6,True
691,418,382,0.5225,9931.453482406287,-0.0068546517593713885,-0.3374357976636331,7,False
692,420,380,0.525,10424.872237171545,0.04248722371715452,-0.33968671088350433,9,True
693,433,367,0.54125,14287.20498007337,0.4287204980073369,-0.23168146102562737,6,True
694,417,383,0.52125,9693.57218200429,-0.030642781799570917,-0.389945494989947,10,False
695,410,390,0.5125,8180.523550136889,-0.1819476449863111,-0.3934464341367674,8,False
696,442,358,0.5525,17770.839863206886,0.7770839863206886,-0.22847787185764123,8,True
697,418,382,0.5225,9931.453482406307,-0.00685465175936939,-0.4186619875238131,12,False
698,409,391,0.51125,7984.581074695308,-0.20154189253046917,-0.44038611907736336,8,False
699,427,373,0.53375,12353.029839698173,0.2353029839698173,-0.20736012544596627,7,True
700,400,400,0.5,6419.355943349344,-0.3580644056650656,-0.47562063230390983,7,False
701,389,411,0.48625,4916.690277914293,-0.5083309722085707,-0.5195754872362452,8,False
702,420,380,0.525,10424.872237171527,0.042487223717152744,-0.2359868389939711,14,True
703,451,349,0.56375,22103.885951394863,1.2103885951394862,-0.13645308335377515,5,True
704,399,401,0.49875,6265.597508871177,-0.3734402491128823,-0.4373854755057337,7,False
705,406,394,0.5075,7424.466336829081,-0.2575533663170919,-0.37289333461247265,8,False
706,429,371,0.53625,12966.758395329922,0.29667583953299226,-0.17730807314327346,6,True
707,426,374,0.5325,12057.146180032656,0.20571461800326563,-0.32921868238153207,11,True
708,435,365,0.54375,14997.0280591254,0.4997028059125399,-0.28898754683485317,8,True
709,402,398,0.5025,6738.285153617809,-0.3261714846382191,-0.4376589248442547,8,False
710,421,379,0.52625,10680.6997193155,0.06806997193155007,-0.33967268310495957,13,True
711,428,372,0.535,12656.174516087682,0.26561745160876815,-0.27742131757207633,8,True
712,429,371,0.53625,12966.75839532992,0.29667583953299204,-0.2924763048819944,11,True
713,405,395,0.50625,7246.6331817803975,-0.27533668182196025,-0.4057018626699841,8,False
714,409,391,0.51125,7984.581074695298,-0.20154189253047017,-0.415703652449661,8,False
715,416,384,0.52,9461.388689398595,-0.053861131060140566,-0.35958619843911255,7,False
716,416,384,0.52,9461.388689398624,-0.05386113106013768,-0.49045526344645674,12,False
717,413,387,0.51625,8797.676567743561,-0.1202323432256438,-0.3048161841682777,8,False
718,438,362,0.5475,16128.430109996094,0.6128430109996095,-0.1622016822094231,10,True
719,411,389,0.51375,8381.274474928954,-0.16187255250710464,-0.30138827334570084,10,False
720,396,404,0.495,5826.068687831513,-0.41739313121684873,-0.5184441016115955,9,False
721,421,379,0.52625,10680.699719315531,0.06806997193155317,-0.2925724264437357,7,True
722,439,361,0.54875,16524.223513704605,0.6524223513704606,-0.19407433451119604,7,True
723,419,381,0.52375,10175.172415418681,0.017517241541868067,-0.2534598889212041,6,True
724,414,386,0.5175,9013.572493740416,-0.0986427506259584,-0.29167676760448513,8,False
725,439,361,0.54875,16524.223513704546,0.6524223513704546,-0.20753006527876428,10,True
726,414,386,0.5175,9013.57249374042,-0.09864275062595806,-0.286466869460709,10,False
727,427,373,0.53375,12353.029839698189,0.23530298396981886,-0.2625471262783524,8,True
728,430,370,0.5375,13284.964036260277,0.3284964036260276,-0.32385011374675343,8,True
729,396,404,0.495,5826.068687831523,-0.41739313121684773,-0.4493753481988262,8,False
730,418,382,0.5225,9931.453482406318,-0.00685465175936828,-0.3621587321065065,8,False
731,425,375,0.53125,11768.349618932682,0.17683496189326808,-0.3836632100838422,7,True
732,418,382,0.5225,9931.453482406287,-0.0068546517593713885,-0.2790470247098882,8,False
733,442,358,0.5525,17770.839863206882,0.7770839863206882,-0.1486886651975715,7,True
734,418,382,0.5225,9931.453482406281,-0.006854651759371833,-0.32861890494504065,6,False
735,426,374,0.5325,12057.146180032609,0.20571461800326096,-0.31996192155432,8,True
736,414,386,0.5175,9013.572493740441,-0.09864275062595584,-0.4131203767557323,9,False
737,403,397,0.50375,6903.64339356553,-0.30963566064344705,-0.3429267009719824,9,False
738,421,379,0.52625,10680.699719315528,0.06806997193155273,-0.2646950743496531,8,True
739,408,392,0.51,7793.331875111511,-0.2206668124888489,-0.4188988906559251,8,False
740,425,375,0.53125,11768.349618932683,0.1768349618932683,-0.2546491641623009,8,True
741,405,395,0.50625,7246.633181780364,-0.2753366818219636,-0.38323127073600627,7,False
742,432,368,0.54,13944.993348534179,0.3944993348534178,-0.26342175946932955,7,True
743,419,381,0.52375,10175.172415418705,0.01751724154187051,-0.32810988413676145,7,True
744,402,398,0.5025,6738.285153617831,-0.3261714846382169,-0.41226381530960876,8,False
745,416,384,0.52,9461.388689398593,-0.05386113106014068,-0.4958941545091091,8,False
746,405,395,0.50625,7246.633181780388,-0.27533668182196114,-0.38993253491533075,8,False
747,416,384,0.52,9461.388689398626,-0.05386113106013746,-0.21376044412094364,10,False
748,429,371,0.53625,12966.758395329965,0.2966758395329965,-0.216369961183704,8,True
749,413,387,0.51625,8797.676567743587,-0.12023234322564136,-0.2644374623519542,10,False
750,410,390,0.5125,8180.523550136909,-0.1819476449863091,-0.4023998114079148,9,False
751,402,398,0.5025,6738.285153617849,-0.3261714846382151,-0.44069016542836703,8,False
752,420,380,0.525,10424.872237171503,0.0424872237171503,-0.2981893370725587,9,True
753,418,382,0.5225,9931.453482406296,-0.006854651759370389,-0.2595728402901928,7,False
754,425,375,0.53125,11768.349618932687,0.17683496189326875,-0.17194986571371396,7,True
755,400,400,0.5,6419.355943349326,-0.3580644056650675,-0.5070496437961668,8,False
756,400,400,0.5,6419.355943349316,-0.3580644056650685,-0.40036267814576587,8,False
757,413,387,0.51625,8797.676567743567,-0.12023234322564336,-0.4368943778232668,9,False
758,418,382,0.5225,9931.453482406281,-0.006854651759371833,-0.3129983260363197,10,False
759,419,381,0.52375,10175.172415418723,0.017517241541872286,-0.4235127806419874,9,True
760,427,373,0.53375,12353.029839698169,0.23530298396981686,-0.2573673696538047,11,True
761,400,400,0.5,6419.355943349332,-0.3580644056650668,-0.49269813316074573,10,False
762,410,390,0.5125,8180.523550136908,-0.18194764498630922,-0.4645467985268873,7,False
763,416,384,0.52,9461.388689398595,-0.053861131060140566,-0.28918072477484646,12,False
764,423,377,0.52875,11211.342848728718,0.12113428487287181,-0.3915441389353026,8,True
765,420,380,0.525,10424.87223717152,0.042487223717151856,-0.21956252135393572,8,True
766,434,366,0.5425,14637.81452173227,0.4637814521732271,-0.2068046298856091,10,True
767,417,383,0.52125,9693.572182004275,-0.030642781799572583,-0.20355988060699493,6,False
768,421,379,0.52625,10680.699719315537,0.06806997193155362,-0.3332493179210422,8,True
769,394,406,0.4925,5550.315518706208,-0.4449684481293792,-0.5450027770227117,8,False
770,447,353,0.55875,20061.009072762172,1.0061009072762173,-0.1724647667343122,7,True
771,418,382,0.5225,9931.453482406307,-0.00685465175936939,-0.32880131527599243,10,False
772,413,387,0.51625,8797.676567743572,-0.1202323432256428,-0.31627638109943623,8,False
773,413,387,0.51625,8797.676567743567,-0.12023234322564336,-0.26941126985258,8,False
774,426,374,0.5325,12057.146180032625,0.20571461800326252,-0.33297749719590186,10,True
775,412,388,0.515,8586.95184893392,-0.14130481510660797,-0.33982828025636724,9,False
776,410,390,0.5125,8180.523550136905,-0.18194764498630944,-0.31147401057440416,6,False
777,421,379,0.52625,10680.699719315526,0.06806997193155251,-0.39829689940138835,9,True
778,444,356,0.555,18653.73839280977,0.8653738392809769,-0.19318073823941895,9,True
779,405,395,0.50625,7246.633181780384,-0.2753366818219616,-0.4637652948753378,8,False
780,413,387,0.51625,8797.676567743558,-0.12023234322564424,-0.3228244523587803,10,False
781,406,394,0.5075,7424.466336829091,-0.2575533663170909,-0.43151449078795767,6,False
782,415,385,0.51875,9234.766528903154,-0.07652334710968467,-0.42098491412934624,10,False
783,426,374,0.5325,12057.146180032665,0.20571461800326651,-0.27787063396686784,6,True
784,429,371,0.53625,12966.758395329942,0.29667583953299426,-0.19763883348841038,7,True
785,417,383,0.52125,9693.57218200431,-0.03064278179956892,-0.3562165584741618,10,False
786,413,387,0.51625,8797.676567743569,-0.12023234322564313,-0.3167015365031992,8,False
787,399,401,0.49875,6265.597508871181,-0.3734402491128819,-0.4633473374914947,8,False
788,437,363,0.54625,15742.116874495858,0.5742116874495857,-0.24104991888127048,10,True
789,434,366,0.5425,14637.814521732269,0.46378145217322686,-0.22720254954466534,8,True
790,403,397,0.50375,6903.643393565529,-0.30963566064344716,-0.5212452316518801,13,False
791,419,381,0.52375,10175.172415418698,0.017517241541869844,-0.2747611073834231,10,True
792,391,409,0.48875,5160.963404581247,-0.4839036595418753,-0.5427592122713931,9,False
793,411,389,0.51375,8381.27447492894,-0.16187255250710608,-0.5446317151285105,7,False
794,414,386,0.5175,9013.572493740458,-0.09864275062595429,-0.22804206558454854,7,False
795,393,407,0.49125,5417.372614067911,-0.4582627385932089,-0.47499796987049436,8,False
796,419,381,0.52375,10175.172415418718,0.017517241541871842,-0.31509238867995737,9,True
797,428,372,0.535,12656.174516087653,0.26561745160876526,-0.26956790608882186,7,True
798,412,388,0.515,8586.951848933912,-0.14130481510660886,-0.3078908870926549,8,False
799,412,388,0.515,8586.951848933946,-0.14130481510660542,-0.461487103864895,7,False
800,423,377,0.52875,11211.342848728747,0.1211342848728747,-0.2657090213976323,7,True
801,409,391,0.51125,7984.581074695313,-0.20154189253046872,-0.3201322410478732,10,False
802,438,362,0.5475,16128.430109996087,0.6128430109996086,-0.30423446333650594,7,True
803,397,403,0.49625,5969.041037928192,-0.4030958962071808,-0.44891459260707345,9,False
804,421,379,0.52625,10680.699719315515,0.0680699719315514,-0.2523703000995645,7,True
805,415,385,0.51875,9234.766528903154,-0.07652334710968467,-0.2867576438980629,10,False
806,413,387,0.51625,8797.676567743567,-0.12023234322564336,-0.29125109828028506,6,False
807,413,387,0.51625,8797.676567743569,-0.12023234322564313,-0.3000834113580556,8,False
808,422,378,0.5275,10942.805235293481,0.09428052352934801,-0.2765218459005532,8,True
809,419,381,0.52375,10175.172415418712,0.017517241541871176,-0.3702290744405353,7,True
810,407,393,0.50875,7606.6635365646825,-0.23933364634353171,-0.32930981225927614,8,False
811,423,377,0.52875,11211.342848728746,0.12113428487287448,-0.2846331471769713,7,True
812,417,383,0.52125,9693.572182004287,-0.03064278179957125,-0.37075561800634493,7,False
813,407,393,0.50875,7606.663536564675,-0.2393336463435325,-0.38541011137338343,8,False
814,404,396,0.505,7073.059542446318,-0.29269404575536817,-0.4714653057328422,6,False
815,415,385,0.51875,9234.766528903132,-0.07652334710968678,-0.42067015580908573,8,False
816,420,380,0.525,10424.872237171507,0.042487223717150746,-0.28106451337394744,8,True
817,427,373,0.53375,12353.02983969812,0.23530298396981197,-0.3832797189291427,7,True
818,407,393,0.50875,7606.663536564656,-0.23933364634353438,-0.38609080314560384,7,False
819,447,353,0.55875,20061.009072762172,1.0061009072762173,-0.18768795751313572,9,True
820,435,365,0.54375,14997.028059125401,0.4997028059125401,-0.28186077357861294,8,True
821,387,413,0.48375,4683.978822147525,-0.5316021177852475,-0.6880969208281523,10,False
822,397,403,0.49625,5969.041037928185,-0.40309589620718156,-0.4275543434585739,10,False
823,444,356,0.555,18653.73839280977,0.8653738392809769,-0.1980288076548875,7,True
824,403,397,0.50375,6903.6433935655205,-0.30963566064344794,-0.4987477085335832,10,False
825,425,375,0.53125,11768.34961893267,0.17683496189326697,-0.28933312249373366,8,True
826,412,388,0.515,8586.951848933913,-0.14130481510660864,-0.3323144499212517,10,False
827,426,374,0.5325,12057.146180032625,0.20571461800326252,-0.24977874320409077,6,True
828,426,374,0.5325,12057.146180032678,0.20571461800326785,-0.2963857405799861,6,True
829,428,372,0.535,12656.17451608769,0.26561745160876904,-0.3421464741276218,8,True
830,398,402,0.4975,6115.5219448214475,-0.3884478055178553,-0.473178121579956,8,False
831,426,374,0.5325,12057.146180032634,0.2057146180032634,-0.2265558826266033,9,True
832,410,390,0.5125,8180.523550136899,-0.1819476449863101,-0.3611409981868783,11,False
833,392,408,0.49,5287.613999734213,-0.4712386000265787,-0.5475168728731656,10,False
834,409,391,0.51125,7984.5810746952975,-0.20154189253047028,-0.4440627940824675,8,False
835,476,324,0.595,40522.17389230899,3.052217389230899,-0.18419009963755728,8,True
836,438,362,0.5475,16128.430109996061,0.6128430109996061,-0.25180346990887337,7,True
837,430,370,0.5375,13284.964036260368,0.3284964036260367,-0.19664004794829149,7,True
838,430,370,0.5375,13284.964036260399,0.3284964036260398,-0.25008446855095745,6,True
839,460,340,0.575,27493.45432816837,1.749345432816837,-0.18198240149294231,8,True
840,413,387,0.51625,8797.676567743558,-0.12023234322564424,-0.4114522387182806,7,False
841,409,391,0.51125,7984.581074695306,-0.2015418925304694,-0.40252793526263064,12,False
842,433,367,0.54125,14287.204980073373,0.42872049800733736,-0.1950763099009889,6,True
843,431,369,0.53875,13610.9784777277,0.36109784777277,-0.280714916942276,10,True
844,420,380,0.525,10424.87223717153,0.042487223717152967,-0.33115823034943104,8,True
845,428,372,0.535,12656.17451608767,0.26561745160876704,-0.38100923183181823,6,True
846,417,383,0.52125,9693.572182004264,-0.030642781799573693,-0.3645482834123931,8,False
847,396,404,0.495,5826.068687831523,-0.41739313121684773,-0.5162390618561394,8,False
848,412,388,0.515,8586.951848933933,-0.14130481510660664,-0.3909173419245743,9,False
849,418,382,0.5225,9931.45348240631,-0.006854651759368946,-0.2358230015243744,7,False
850,428,372,0.535,12656.174516087694,0.2656174516087695,-0.1697090437473473,10,True
851,418,382,0.5225,9931.453482406272,-0.006854651759372832,-0.23914308530219397,10,False
852,407,393,0.50875,7606.663536564695,-0.2393336463435305,-0.4663126220334953,8,False
853,411,389,0.51375,8381.27447492894,-0.16187255250710608,-0.32520235519429597,9,False
854,401,399,0.50125,6576.887626290967,-0.3423112373709033,-0.4375180479665596,7,False
855,419,381,0.52375,10175.172415418678,0.017517241541867845,-0.3011835675981057,8,True
856,414,386,0.5175,9013.572493740421,-0.09864275062595784,-0.3686240272617174,11,False
857,434,366,0.5425,14637.814521732269,0.46378145217322686,-0.23815230371719598,8,True
858,404,396,0.505,7073.059542446311,-0.29269404575536895,-0.3768308924157908,8,False
859,390,410,0.4875,5037.3463843551535,-0.49626536156448464,-0.5429814464752865,8,False
860,425,375,0.53125,11768.349618932663,0.1768349618932663,-0.18379339612883472,6,True
861,445,355,0.55625,19111.503132466652,0.9111503132466652,-0.12833974985389485,7,True
862,430,370,0.5375,13284.964036260328,0.3284964036260327,-0.24945694892697068,7,True
863,433,367,0.54125,14287.204980073398,0.4287204980073398,-0.16138669249234772,6,True
864,414,386,0.5175,9013.572493740421,-0.09864275062595784,-0.39574056617334796,9,False
865,439,361,0.54875,16524.223513704517,0.6524223513704517,-0.28370160237452213,7,True
866,401,399,0.50125,6576.887626290961,-0.34231123737090396,-0.3922180369379369,8,False
867,410,390,0.5125,8180.5235501368825,-0.18194764498631177,-0.46190651004129035,9,False
868,405,395,0.50625,7246.633181780381,-0.2753366818219619,-0.3954467332136462,10,False
869,413,387,0.51625,8797.676567743587,-0.12023234322564136,-0.32543868583978464,9,False
870,422,378,0.5275,10942.80523529354,0.09428052352935401,-0.4249123791220071,12,True
871,418,382,0.5225,9931.453482406298,-0.006854651759370278,-0.2803086175765144,9,False
872,421,379,0.52625,10680.699719315508,0.06806997193155073,-0.29876121527007105,10,True
873,438,362,0.5475,16128.43010999608,0.6128430109996079,-0.2237693877258815,6,True
874,415,385,0.51875,9234.766528903152,-0.07652334710968478,-0.3618485693236476,8,False
875,387,413,0.48375,4683.978822147534,-0.5316021177852466,-0.5824527739714298,7,False
876,383,417,0.47875,4251.077926042118,-0.5748922073957883,-0.5797814502224501,8,False
877,420,380,0.525,10424.872237171505,0.042487223717150524,-0.21408084741365785,8,True
878,410,390,0.5125,8180.523550136907,-0.18194764498630933,-0.4067758218573567,7,False
879,409,391,0.51125,7984.581074695304,-0.2015418925304696,-0.26497910654451085,9,False
880,409,391,0.51125,7984.581074695289,-0.20154189253047106,-0.45272697091654424,9,False
881,394,406,0.4925,5550.315518706214,-0.44496844812937864,-0.4839847367818302,11,False
882,430,370,0.5375,13284.96403626037,0.32849640362603694,-0.2117398722199837,8,True
883,419,381,0.52375,10175.172415418698,0.017517241541869844,-0.3086574356274623,9,True
884,414,386,0.5175,9013.57249374041,-0.09864275062595895,-0.33564280427199045,8,False
885,428,372,0.535,12656.174516087664,0.2656174516087664,-0.3588897386521137,7,True
886,442,358,0.5525,17770.839863206882,0.7770839863206882,-0.13591577548960043,7,True
887,434,366,0.5425,14637.814521732307,0.46378145217323063,-0.23889269029690907,8,True
888,392,408,0.49,5287.61399973421,-0.471238600026579,-0.5680108016455991,8,False
889,421,379,0.52625,10680.699719315526,0.06806997193155251,-0.3328726934287073,8,True
890,417,383,0.52125,9693.572182004273,-0.030642781799572694,-0.3219814988693357,7,False
891,404,396,0.505,7073.059542446307,-0.2926940457553693,-0.39750056729572947,8,False
892,413,387,0.51625,8797.676567743565,-0.12023234322564347,-0.3715872992934768,12,False
893,408,392,0.51,7793.331875111515,-0.22066681248884856,-0.48115840145761635,7,False
894,431,369,0.53875,13610.978477727727,0.36109784777277265,-0.35639147068347987,7,True
895,402,398,0.5025,6738.285153617831,-0.3261714846382169,-0.3948239564360787,9,False
896,412,388,0.515,8586.95184893393,-0.14130481510660697,-0.3186772774958807,9,False
897,418,382,0.5225,9931.453482406323,-0.006854651759367725,-0.20680462988560722,10,False
898,430,370,0.5375,13284.964036260313,0.3284964036260314,-0.20839095220448423,13,True
899,409,391,0.51125,7984.581074695303,-0.20154189253046972,-0.39549422186221206,10,False
900,419,381,0.52375,10175.172415418716,0.01751724154187162,-0.24283302488096525,7,True
901,421,379,0.52625,10680.699719315498,0.06806997193154984,-0.282697262269232,7,True
902,426,374,0.5325,12057.146180032676,0.20571461800326762,-0.2726008772229572,8,True
903,409,391,0.51125,7984.581074695298,-0.20154189253047017,-0.36573296284907875,9,False
904,414,386,0.5175,9013.572493740437,-0.09864275062595629,-0.4396454905186805,10,False
905,416,384,0.52,9461.388689398615,-0.05386113106013857,-0.33675326128258487,11,False
906,409,391,0.51125,7984.581074695306,-0.2015418925304694,-0.3677025225871011,8,False
907,415,385,0.51875,9234.766528903157,-0.07652334710968423,-0.2301859309973081,7,False
908,407,393,0.50875,7606.6635365646625,-0.2393336463435337,-0.33393546015294784,10,False
909,392,408,0.49,5287.613999734195,-0.47123860002658047,-0.5508045004426563,7,False
910,421,379,0.52625,10680.699719315502,0.06806997193155029,-0.23008133268459086,8,True
911,393,407,0.49125,5417.372614067916,-0.4582627385932083,-0.640303777943728,8,False
912,398,402,0.4975,6115.521944821441,-0.38844780551785585,-0.458347843947563,9,False
913,434,366,0.5425,14637.814521732354,0.4637814521732355,-0.1846973893932331,6,True
914,383,417,0.47875,4251.077926042116,-0.5748922073957884,-0.6389097906412384,10,False
915,419,381,0.52375,10175.172415418714,0.017517241541871398,-0.3486376464431563,7,True
916,426,374,0.5325,12057.146180032643,0.2057146180032643,-0.24508165961936623,8,True
917,436,364,0.545,15365.056735230273,0.5365056735230274,-0.1971395960337169,9,True
918,420,380,0.525,10424.872237171527,0.042487223717152744,-0.29310837026369796,8,True
919,392,408,0.49,5287.613999734185,-0.47123860002658147,-0.5243805566766889,9,False
920,419,381,0.52375,10175.172415418718,0.017517241541871842,-0.3415959907999906,9,True
921,388,412,0.485,4798.92416451951,-0.5201075835480491,-0.629328488761415,6,False
922,419,381,0.52375,10175.17241541871,0.017517241541870954,-0.3382595374368237,8,True
923,412,388,0.515,8586.951848933904,-0.14130481510660953,-0.4083768386567712,8,False
924,416,384,0.52,9461.388689398607,-0.05386113106013923,-0.34232520909686137,9,False
925,402,398,0.5025,6738.285153617832,-0.32617148463821677,-0.37387904537043737,7,False
926,427,373,0.53375,12353.029839698162,0.2353029839698162,-0.26224648170418186,7,True
927,417,383,0.52125,9693.572182004278,-0.03064278179957214,-0.36756693065751334,8,False
928,384,416,0.48,4355.399834020947,-0.5644600165979052,-0.6150134507099038,8,False
929,406,394,0.5075,7424.466336829117,-0.25755336631708836,-0.44774696423756655,11,False
930,439,361,0.54875,16524.223513704546,0.6524223513704546,-0.1497470667884997,7,True
931,415,385,0.51875,9234.76652890315,-0.076523347109685,-0.41213777924870687,8,False
932,424,376,0.53,11486.470403982248,0.14864704039822474,-0.28975994373994085,9,True
933,400,400,0.5,6419.355943349334,-0.3580644056650666,-0.42493312038823905,8,False
934,425,375,0.53125,11768.34961893267,0.17683496189326697,-0.28611990003027177,10,True
935,415,385,0.51875,9234.76652890315,-0.076523347109685,-0.3932339298132378,9,False
936,423,377,0.52875,11211.342848728722,0.12113428487287226,-0.2698237212795962,10,True
937,411,389,0.51375,8381.274474928952,-0.16187255250710475,-0.34122408105564184,9,False
938,438,362,0.5475,16128.430109996118,0.6128430109996117,-0.21058939227787843,9,True
939,421,379,0.52625,10680.699719315506,0.06806997193155051,-0.2262405651526339,10,True
940,420,380,0.525,10424.872237171507,0.042487223717150746,-0.2589107891982855,12,True
941,438,362,0.5475,16128.43010999608,0.6128430109996079,-0.24961786331533398,8,True
942,419,381,0.52375,10175.172415418736,0.017517241541873618,-0.2278929271516238,7,True
943,420,380,0.525,10424.872237171512,0.04248722371715119,-0.3588761188251045,8,True
944,429,371,0.53625,12966.75839532996,0.29667583953299603,-0.21424934634194914,9,True
945,459,341,0.57375,26834.92245469035,1.683492245469035,-0.21972984502624693,7,True
946,416,384,0.52,9461.3886893986,-0.05386113106014001,-0.32614718127955167,9,False
947,404,396,0.505,7073.059542446321,-0.29269404575536795,-0.5009932781581585,9,False
948,390,410,0.4875,5037.346384355172,-0.49626536156448287,-0.5731287419201061,7,False
949,414,386,0.5175,9013.572493740428,-0.09864275062595718,-0.3501679817702046,7,False
950,439,361,0.54875,16524.223513704528,0.6524223513704528,-0.21550108591254125,7,True
951,417,383,0.52125,9693.572182004289,-0.03064278179957114,-0.5165121674777287,11,False
952,447,353,0.55875,20061.009072762154,1.0061009072762155,-0.14596980807097937,11,True
953,413,387,0.51625,8797.676567743556,-0.12023234322564436,-0.3446485573676298,11,False
954,414,386,0.5175,9013.572493740436,-0.0986427506259564,-0.37847710680416813,11,False
955,437,363,0.54625,15742.116874495876,0.5742116874495875,-0.30481618416827827,8,True
956,406,394,0.5075,7424.466336829092,-0.2575533663170908,-0.4325418038437381,7,False
957,416,384,0.52,9461.388689398613,-0.05386113106013868,-0.2741126368425276,6,False
958,412,388,0.515,8586.951848933899,-0.14130481510661008,-0.3566032100256803,8,False
959,424,376,0.53,11486.47040398228,0.14864704039822785,-0.36079370812276557,8,True
960,398,402,0.4975,6115.521944821463,-0.38844780551785374,-0.5395837919327819,9,False
961,426,374,0.5325,12057.146180032669,0.20571461800326696,-0.28285105002484157,6,True
962,427,373,0.53375,12353.029839698143,0.23530298396981442,-0.3320947172440424,6,True
963,415,385,0.51875,9234.76652890316,-0.07652334710968411,-0.3224419392190009,7,False
964,406,394,0.5075,7424.466336829108,-0.25755336631708925,-0.3771205410437486,7,False
965,421,379,0.52625,10680.699719315497,0.06806997193154962,-0.3968799062625321,10,True
966,406,394,0.5075,7424.466336829109,-0.257553366317089,-0.4396454905186802,12,False
967,419,381,0.52375,10175.172415418705,0.01751724154187051,-0.21129461122748283,9,True
968,411,389,0.51375,8381.274474928963,-0.16187255250710364,-0.34587033607657225,8,False
969,419,381,0.52375,10175.172415418692,0.017517241541869177,-0.28602290173296163,9,True
970,416,384,0.52,9461.388689398604,-0.05386113106013968,-0.31475933896771435,9,False
971,408,392,0.51,7793.331875111492,-0.22066681248885078,-0.29108405187876263,9,False
972,408,392,0.51,7793.331875111528,-0.22066681248884723,-0.42458753193537013,8,False
973,443,357,0.55375,18206.93817830929,0.8206938178309291,-0.1533926022463893,6,True
974,417,383,0.52125,9693.572182004285,-0.030642781799571472,-0.3228632607339246,10,False
975,404,396,0.505,7073.059542446313,-0.2926940457553687,-0.3802610596960806,8,False
976,446,354,0.5575,19580.501467902617,0.9580501467902618,-0.15321105299976723,7,True
977,406,394,0.5075,7424.466336829089,-0.257553366317091,-0.4404942128122623,8,False
978,414,386,0.5175,9013.572493740414,-0.09864275062595862,-0.37389234648015934,9,False
979,436,364,0.545,15365.056735230244,0.5365056735230245,-0.21588237843128755,8,True
980,390,410,0.4875,5037.346384355164,-0.49626536156448353,-0.5696538314243539,8,False
981,420,380,0.525,10424.872237171541,0.04248722371715408,-0.30114351670632267,8,True
982,427,373,0.53375,12353.029839698182,0.2353029839698182,-0.401993707111144,8,True
983,422,378,0.5275,10942.805235293528,0.0942805235293529,-0.28011302848159947,8,True
984,411,389,0.51375,8381.274474928954,-0.16187255250710464,-0.30137343195033184,7,False
985,418,382,0.5225,9931.453482406334,-0.0068546517593666145,-0.27556434895350423,8,False
986,417,383,0.52125,9693.572182004264,-0.030642781799573693,-0.5191561319680358,6,False
987,413,387,0.51625,8797.676567743558,-0.12023234322564424,-0.4212331660327294,7,False
988,436,364,0.545,15365.05673523031,0.5365056735230309,-0.3124774621783023,9,True
989,425,375,0.53125,11768.349618932683,0.1768349618932683,-0.20278512313399844,7,True
990,396,404,0.495,5826.068687831515,-0.4173931312168485,-0.4923824846681065,6,False
991,422,378,0.5275,10942.805235293506,0.09428052352935068,-0.2709296584595573,7,True
992,428,372,0.535,12656.174516087713,0.26561745160877126,-0.2211233289903749,7,True
993,399,401,0.49875,6265.597508871176,-0.3734402491128824,-0.40668261341476497,9,False
994,428,372,0.535,12656.174516087713,0.26561745160877126,-0.23045553871932034,10,True
995,409,391,0.51125,7984.581074695315,-0.2015418925304685,-0.4425583485768644,8,False
996,413,387,0.51625,8797.676567743587,-0.12023234322564136,-0.42716533313824934,7,False
997,427,373,0.53375,12353.02983969816,0.23530298396981597,-0.318399516045516,7,True
998,394,406,0.4925,5550.315518706201,-0.44496844812937986,-0.6386360229829235,12,False
999,421,379,0.52625,10680.699719315508,0.06806997193155073,-0.2858288655976827,6,True
1000,375,425,0.46875,3501.6066026046365,-0.6498393397395363,-0.6691063770461065,9,False
